,head,relation,tail
0,0,0,252
1,0,0,253
2,0,0,254
3,0,0,255
4,0,0,256
5,0,0,257
6,0,0,258
7,1,0,259
8,1,0,260
9,1,0,261
10,1,0,262
11,1,0,263
12,1,0,264
13,1,0,265
14,1,0,266
15,1,0,267
16,1,0,268
17,1,0,269
18,1,0,270
19,1,0,271
20,2,0,252
21,2,0,272
22,2,0,273
23,2,0,274
24,2,0,275
25,2,0,276
26,2,0,277
27,2,0,278
28,2,0,279
29,2,0,280
30,2,0,281
31,2,0,282
32,2,0,283
33,2,0,284
34,3,0,285
35,3,0,272
36,3,0,286
37,3,0,287
38,3,0,288
39,3,0,289
40,3,0,290
41,3,0,291
42,3,0,292
43,3,0,293
44,3,0,294
45,3,0,295
46,3,0,296
47,3,0,255
48,3,0,297
49,3,0,298
50,3,0,299
51,3,0,300
52,3,0,301
53,3,0,302
54,3,0,303
55,4,0,272
56,4,0,304
57,4,0,253
58,4,0,305
59,4,0,306
60,4,0,254
61,4,0,307
62,4,0,308
63,4,0,309
64,4,0,310
65,5,0,259
66,5,0,311
67,5,0,312
68,5,0,313
69,5,0,314
70,5,0,315
71,5,0,316
72,5,0,317
73,5,0,318
74,5,0,319
75,6,0,320
76,6,0,274
77,6,0,313
78,6,0,321
79,6,0,322
80,6,0,323
81,6,0,324
82,6,0,277
83,6,0,325
84,6,0,326
85,6,0,255
86,6,0,284
87,6,0,327
88,7,0,272
89,7,0,328
90,7,0,329
91,7,0,330
92,7,0,331
93,7,0,332
94,7,0,333
95,7,0,334
96,7,0,322
97,7,0,335
98,7,0,336
99,7,0,337
100,7,0,338
101,7,0,339
102,7,0,340
103,7,0,341
104,7,0,342
105,7,0,343
106,7,0,344
107,7,0,325
108,7,0,345
109,7,0,346
110,7,0,347
111,7,0,257
112,7,0,348
113,7,0,349
114,7,0,350
115,7,0,298
116,8,0,351
117,8,0,352
118,8,0,353
119,8,0,354
120,8,0,355
121,8,0,356
122,8,0,357
123,9,0,358
124,9,0,359
125,9,0,360
126,9,0,320
127,9,0,361
128,9,0,362
129,9,0,363
130,10,0,364
131,10,0,259
132,10,0,264
133,10,0,271
134,10,0,365
135,10,0,366
136,11,0,259
137,11,0,260
138,11,0,261
139,11,0,367
140,11,0,368
141,11,0,288
142,11,0,369
143,11,0,370
144,11,0,312
145,11,0,371
146,11,0,311
147,11,0,372
148,11,0,263
149,11,0,373
150,11,0,354
151,11,0,253
152,11,0,329
153,11,0,306
154,11,0,313
155,11,0,374
156,11,0,375
157,11,0,376
158,11,0,271
159,11,0,377
160,11,0,316
161,11,0,378
162,11,0,275
163,11,0,379
164,11,0,380
165,11,0,321
166,11,0,315
167,11,0,290
168,11,0,334
169,11,0,381
170,11,0,362
171,11,0,308
172,11,0,317
173,11,0,335
174,11,0,338
175,11,0,341
176,11,0,277
177,11,0,342
178,11,0,292
179,11,0,382
180,11,0,383
181,11,0,384
182,11,0,385
183,11,0,386
184,11,0,387
185,11,0,388
186,11,0,270
187,11,0,326
188,12,0,272
189,12,0,288
190,12,0,369
191,12,0,389
192,12,0,375
193,12,0,390
194,12,0,391
195,12,0,313
196,12,0,392
197,12,0,393
198,12,0,323
199,13,0,394
200,13,0,354
201,13,0,395
202,13,0,312
203,13,0,373
204,13,0,269
205,13,0,396
206,14,0,358
207,14,0,397
208,14,0,398
209,14,0,304
210,14,0,289
211,15,0,252
212,15,0,263
213,15,0,253
214,15,0,399
215,16,0,328
216,16,0,358
217,16,0,351
218,16,0,311
219,16,0,394
220,16,0,259
221,16,0,400
222,16,0,370
223,16,0,287
224,16,0,288
225,16,0,401
226,16,0,372
227,16,0,312
228,16,0,371
229,16,0,395
230,16,0,253
231,16,0,329
232,16,0,313
233,16,0,306
234,16,0,402
235,16,0,403
236,16,0,316
237,16,0,404
238,16,0,332
239,16,0,334
240,16,0,405
241,16,0,381
242,16,0,363
243,16,0,337
244,16,0,406
245,16,0,407
246,16,0,317
247,16,0,341
248,16,0,408
249,16,0,409
250,16,0,388
251,16,0,410
252,16,0,384
253,16,0,270
254,16,0,386
255,16,0,411
256,16,0,294
257,16,0,412
258,16,0,345
259,16,0,413
260,16,0,414
261,16,0,415
262,16,0,416
263,16,0,417
264,16,0,418
265,16,0,419
266,16,0,420
267,16,0,421
268,16,0,257
269,16,0,422
270,16,0,349
271,16,0,423
272,16,0,327
273,16,0,258
274,16,0,424
275,16,0,425
276,16,0,310
277,17,0,364
278,17,0,361
279,17,0,397
280,17,0,379
281,17,0,426
282,17,0,427
283,17,0,283
284,18,0,345
285,18,0,297
286,18,0,280
287,18,0,428
288,18,0,429
289,18,0,430
290,18,0,302
291,19,0,268
292,19,0,289
293,19,0,431
294,19,0,343
295,19,0,326
296,19,0,420
297,20,0,322
298,20,0,432
299,20,0,384
300,20,0,429
301,21,0,397
302,21,0,304
303,21,0,433
304,21,0,402
305,21,0,274
306,21,0,271
307,21,0,320
308,21,0,434
309,21,0,435
310,21,0,436
311,21,0,410
312,21,0,437
313,21,0,256
314,21,0,283
315,22,0,311
316,22,0,288
317,22,0,286
318,22,0,353
319,22,0,438
320,23,0,404
321,23,0,439
322,23,0,440
323,23,0,441
324,23,0,408
325,23,0,442
326,23,0,300
327,23,0,301
328,24,0,443
329,24,0,313
330,24,0,336
331,24,0,342
332,24,0,319
333,24,0,419
334,24,0,424
335,25,0,367
336,25,0,260
337,25,0,370
338,25,0,369
339,25,0,304
340,25,0,305
341,25,0,402
342,25,0,289
343,26,0,273
344,26,0,354
345,26,0,254
346,26,0,300
347,26,0,349
348,27,0,333
349,27,0,444
350,27,0,445
351,27,0,268
352,27,0,386
353,27,0,419
354,27,0,421
355,27,0,446
356,27,0,422
357,27,0,447
358,27,0,423
359,27,0,448
360,27,0,300
361,28,0,393
362,28,0,275
363,28,0,355
364,28,0,449
365,28,0,450
366,29,0,451
367,29,0,394
368,29,0,360
369,29,0,452
370,29,0,334
371,29,0,362
372,29,0,355
373,29,0,453
374,29,0,366
375,30,0,454
376,30,0,370
377,30,0,274
378,30,0,455
379,30,0,379
380,30,0,456
381,30,0,457
382,30,0,309
383,30,0,270
384,30,0,345
385,30,0,298
386,30,0,419
387,30,0,280
388,30,0,425
389,31,0,454
390,31,0,351
391,31,0,458
392,31,0,459
393,31,0,460
394,32,0,401
395,32,0,352
396,32,0,461
397,32,0,260
398,32,0,271
399,32,0,273
400,32,0,369
401,33,0,286
402,33,0,462
403,33,0,433
404,33,0,463
405,34,0,451
406,34,0,464
407,34,0,465
408,34,0,398
409,34,0,369
410,34,0,371
411,34,0,395
412,34,0,389
413,34,0,466
414,34,0,254
415,34,0,271
416,34,0,266
417,34,0,404
418,34,0,333
419,34,0,337
420,34,0,308
421,34,0,467
422,34,0,340
423,34,0,268
424,34,0,342
425,34,0,408
426,34,0,432
427,34,0,428
428,34,0,448
429,35,0,454
430,35,0,304
431,35,0,435
432,35,0,466
433,35,0,468
434,35,0,295
435,35,0,469
436,36,0,443
437,37,0,470
438,37,0,471
439,37,0,472
440,37,0,277
441,37,0,295
442,37,0,412
443,37,0,463
444,37,0,256
445,37,0,473
446,37,0,349
447,38,0,474
448,38,0,475
449,39,0,464
450,39,0,328
451,39,0,400
452,39,0,397
453,39,0,260
454,39,0,367
455,39,0,352
456,39,0,476
457,39,0,477
458,39,0,478
459,39,0,387
460,39,0,386
461,39,0,479
462,39,0,255
463,39,0,480
464,39,0,297
465,39,0,447
466,39,0,481
467,40,0,451
468,40,0,394
469,40,0,330
470,40,0,266
471,40,0,316
472,40,0,267
473,40,0,321
474,40,0,362
475,40,0,336
476,40,0,318
477,40,0,308
478,40,0,407
479,40,0,341
480,40,0,338
481,40,0,343
482,40,0,270
483,40,0,294
484,40,0,325
485,40,0,463
486,40,0,416
487,40,0,482
488,40,0,347
489,40,0,257
490,40,0,447
491,40,0,366
492,41,0,328
493,41,0,286
494,41,0,352
495,41,0,373
496,41,0,483
497,41,0,435
498,41,0,265
499,41,0,484
500,42,0,287
501,42,0,371
502,42,0,265
503,42,0,399
504,42,0,485
505,42,0,471
506,42,0,405
507,42,0,304
508,42,0,382
509,42,0,478
510,42,0,290
511,42,0,406
512,42,0,486
513,42,0,474
514,42,0,411
515,42,0,487
516,42,0,488
517,42,0,303
518,42,0,475
519,43,0,262
520,43,0,395
521,43,0,359
522,43,0,462
523,43,0,376
524,43,0,292
525,43,0,460
526,44,0,288
527,44,0,307
528,44,0,489
529,44,0,490
530,45,0,288
531,45,0,367
532,45,0,259
533,45,0,370
534,45,0,351
535,45,0,274
536,45,0,346
537,45,0,350
538,46,0,491
539,46,0,492
540,46,0,493
541,46,0,486
542,46,0,271
543,47,0,451
544,47,0,328
545,47,0,494
546,47,0,495
547,48,0,462
548,48,0,320
549,48,0,439
550,48,0,456
551,48,0,279
552,49,0,265
553,49,0,377
554,49,0,375
555,49,0,496
556,49,0,390
557,49,0,331
558,49,0,313
559,49,0,306
560,49,0,308
561,49,0,324
562,49,0,481
563,50,0,443
564,50,0,253
565,50,0,438
566,50,0,329
567,50,0,359
568,50,0,435
569,50,0,377
570,51,0,358
571,51,0,497
572,51,0,376
573,51,0,492
574,51,0,291
575,51,0,426
576,51,0,295
577,51,0,498
578,52,0,398
579,52,0,262
580,52,0,354
581,52,0,438
582,52,0,483
583,52,0,359
584,52,0,402
585,52,0,499
586,52,0,500
587,52,0,501
588,52,0,502
589,52,0,503
590,52,0,504
591,52,0,441
592,52,0,276
593,52,0,505
594,52,0,445
595,52,0,506
596,53,0,287
597,53,0,466
598,53,0,435
599,53,0,374
600,53,0,436
601,53,0,403
602,53,0,414
603,53,0,284
604,53,0,256
605,54,0,443
606,54,0,507
607,54,0,455
608,54,0,341
609,54,0,317
610,55,0,395
611,55,0,331
612,55,0,393
613,55,0,378
614,55,0,338
615,55,0,292
616,55,0,508
617,55,0,358
618,55,0,340
619,56,0,443
620,56,0,315
621,56,0,325
622,56,0,388
623,56,0,345
624,56,0,258
625,57,0,401
626,57,0,264
627,57,0,330
628,57,0,478
629,57,0,509
630,57,0,508
631,58,0,464
632,58,0,483
633,58,0,329
634,58,0,360
635,58,0,501
636,58,0,510
637,58,0,476
638,58,0,492
639,58,0,507
640,58,0,489
641,58,0,511
642,58,0,386
643,58,0,346
644,59,0,382
645,59,0,489
646,59,0,444
647,59,0,383
648,59,0,324
649,59,0,512
650,59,0,300
651,59,0,473
652,60,0,368
653,60,0,513
654,60,0,485
655,60,0,490
656,61,0,396
657,61,0,322
658,61,0,291
659,61,0,277
660,61,0,472
661,61,0,486
662,61,0,411
663,61,0,356
664,61,0,514
665,61,0,515
666,61,0,297
667,61,0,282
668,61,0,516
669,61,0,517
670,61,0,518
671,61,0,447
672,61,0,284
673,61,0,481
674,61,0,425
675,62,0,476
676,62,0,519
677,62,0,380
678,62,0,485
679,62,0,455
680,62,0,391
681,62,0,520
682,62,0,291
683,62,0,521
684,62,0,385
685,62,0,479
686,62,0,463
687,62,0,522
688,62,0,523
689,62,0,282
690,62,0,508
691,62,0,518
692,62,0,512
693,62,0,283
694,62,0,480
695,62,0,366
696,62,0,425
697,62,0,498
698,62,0,301
699,63,0,331
700,63,0,265
701,63,0,504
702,63,0,344
703,64,0,461
704,64,0,322
705,64,0,381
706,64,0,309
707,64,0,342
708,64,0,270
709,64,0,416
710,64,0,482
711,64,0,420
712,64,0,446
713,64,0,447
714,64,0,348
715,64,0,258
716,65,0,524
717,65,0,491
718,65,0,525
719,65,0,300
720,66,0,452
721,66,0,276
722,66,0,526
723,66,0,527
724,67,0,400
725,67,0,273
726,67,0,263
727,67,0,254
728,67,0,528
729,67,0,337
730,67,0,523
731,67,0,508
732,67,0,271
733,68,0,329
734,68,0,528
735,68,0,317
736,68,0,309
737,68,0,340
738,68,0,277
739,68,0,386
740,68,0,303
741,69,0,399
742,69,0,289
743,69,0,529
744,69,0,530
745,69,0,511
746,69,0,531
747,69,0,532
748,70,0,379
749,70,0,296
750,70,0,357
751,70,0,533
752,70,0,297
753,71,0,465
754,71,0,371
755,71,0,353
756,71,0,329
757,71,0,496
758,72,0,497
759,72,0,332
760,72,0,534
761,72,0,504
762,72,0,457
763,72,0,335
764,72,0,385
765,72,0,535
766,72,0,388
767,73,0,499
768,73,0,378
769,73,0,472
770,73,0,318
771,73,0,494
772,73,0,430
773,73,0,374
774,74,0,407
775,74,0,341
776,74,0,324
777,74,0,325
778,74,0,339
779,74,0,326
780,74,0,366
781,74,0,425
782,75,0,364
783,75,0,483
784,75,0,496
785,75,0,274
786,75,0,513
787,75,0,456
788,75,0,336
789,75,0,340
790,75,0,277
791,76,0,454
792,76,0,507
793,76,0,321
794,76,0,278
795,76,0,522
796,77,0,397
797,77,0,398
798,77,0,261
799,77,0,329
800,77,0,308
801,77,0,338
802,77,0,535
803,77,0,413
804,77,0,347
805,78,0,524
806,78,0,536
807,78,0,537
808,78,0,500
809,78,0,510
810,78,0,538
811,78,0,350
812,78,0,411
813,78,0,279
814,78,0,511
815,78,0,539
816,79,0,439
817,79,0,510
818,79,0,540
819,79,0,541
820,79,0,441
821,80,0,266
822,80,0,333
823,80,0,381
824,80,0,323
825,80,0,308
826,80,0,444
827,80,0,407
828,80,0,268
829,80,0,463
830,80,0,296
831,80,0,270
832,80,0,428
833,80,0,347
834,80,0,420
835,80,0,327
836,80,0,446
837,80,0,424
838,80,0,542
839,80,0,302
840,81,0,472
841,81,0,509
842,82,0,427
843,82,0,438
844,82,0,320
845,82,0,543
846,82,0,334
847,82,0,544
848,82,0,256
849,83,0,285
850,83,0,528
851,83,0,292
852,83,0,279
853,83,0,280
854,84,0,503
855,84,0,544
856,84,0,337
857,84,0,521
858,84,0,444
859,84,0,293
860,84,0,545
861,84,0,297
862,84,0,546
863,85,0,305
864,85,0,547
865,85,0,526
866,85,0,316
867,85,0,519
868,85,0,407
869,85,0,448
870,85,0,548
871,86,0,525
872,86,0,519
873,86,0,496
874,86,0,396
875,86,0,362
876,86,0,381
877,86,0,534
878,86,0,445
879,86,0,268
880,86,0,447
881,86,0,481
882,86,0,542
883,87,0,331
884,87,0,491
885,87,0,519
886,87,0,541
887,87,0,540
888,88,0,476
889,88,0,336
890,88,0,482
891,88,0,301
892,89,0,449
893,89,0,549
894,89,0,504
895,89,0,479
896,89,0,457
897,89,0,319
898,89,0,348
899,89,0,415
900,89,0,533
901,89,0,550
902,89,0,384
903,89,0,428
904,89,0,546
905,89,0,495
906,89,0,514
907,90,0,551
908,90,0,481
909,91,0,547
910,91,0,513
911,91,0,289
912,91,0,322
913,91,0,334
914,91,0,552
915,92,0,491
916,92,0,393
917,92,0,547
918,92,0,476
919,92,0,526
920,92,0,471
921,92,0,267
922,92,0,363
923,92,0,383
924,92,0,411
925,92,0,357
926,92,0,295
927,92,0,415
928,92,0,256
929,92,0,469
930,92,0,553
931,92,0,301
932,93,0,510
933,93,0,439
934,93,0,478
935,93,0,503
936,93,0,520
937,93,0,406
938,93,0,417
939,94,0,494
940,94,0,554
941,94,0,453
942,94,0,555
943,95,0,361
944,95,0,476
945,95,0,536
946,95,0,499
947,96,0,552
948,96,0,521
949,96,0,336
950,96,0,408
951,96,0,432
952,96,0,460
953,96,0,515
954,97,0,504
955,97,0,385
956,97,0,444
957,97,0,555
958,97,0,276
959,97,0,556
960,97,0,445
961,97,0,278
962,97,0,344
963,97,0,557
964,97,0,386
965,98,0,519
966,98,0,376
967,98,0,412
968,98,0,484
969,98,0,418
970,98,0,515
971,98,0,517
972,99,0,530
973,99,0,486
974,99,0,277
975,99,0,281
976,99,0,557
977,100,0,534
978,100,0,445
979,100,0,468
980,100,0,539
981,100,0,463
982,100,0,558
983,100,0,349
984,101,0,393
985,101,0,267
986,101,0,403
987,101,0,378
988,101,0,316
989,102,0,489
990,102,0,322
991,102,0,381
992,102,0,538
993,102,0,276
994,102,0,409
995,102,0,295
996,102,0,533
997,102,0,326
998,102,0,256
999,102,0,422
1000,102,0,480
1001,102,0,473
1002,103,0,434
1003,103,0,410
1004,103,0,437
1005,103,0,515
1006,103,0,411
1007,104,0,491
1008,104,0,452
1009,104,0,316
1010,104,0,378
1011,104,0,289
1012,104,0,269
1013,104,0,513
1014,105,0,485
1015,105,0,409
1016,106,0,451
1017,106,0,290
1018,106,0,276
1019,106,0,387
1020,106,0,527
1021,106,0,284
1022,107,0,267
1023,107,0,308
1024,107,0,407
1025,107,0,309
1026,107,0,505
1027,107,0,292
1028,108,0,307
1029,108,0,491
1030,108,0,404
1031,108,0,530
1032,108,0,384
1033,109,0,266
1034,109,0,375
1035,109,0,378
1036,109,0,318
1037,109,0,383
1038,109,0,299
1039,110,0,466
1040,110,0,459
1041,110,0,544
1042,110,0,295
1043,110,0,522
1044,111,0,396
1045,111,0,407
1046,111,0,342
1047,111,0,416
1048,111,0,425
1049,112,0,559
1050,112,0,378
1051,112,0,382
1052,112,0,376
1053,112,0,336
1054,112,0,474
1055,112,0,530
1056,112,0,545
1057,112,0,297
1058,113,0,501
1059,113,0,275
1060,113,0,308
1061,113,0,337
1062,113,0,269
1063,113,0,506
1064,113,0,560
1065,113,0,551
1066,113,0,557
1067,113,0,558
1068,114,0,267
1069,114,0,381
1070,114,0,323
1071,114,0,551
1072,114,0,257
1073,115,0,452
1074,115,0,561
1075,115,0,489
1076,115,0,545
1077,116,0,306
1078,116,0,390
1079,116,0,332
1080,116,0,314
1081,117,0,562
1082,117,0,439
1083,117,0,453
1084,117,0,324
1085,117,0,527
1086,118,0,466
1087,118,0,497
1088,118,0,492
1089,118,0,459
1090,118,0,396
1091,119,0,467
1092,119,0,444
1093,119,0,325
1094,119,0,340
1095,119,0,484
1096,120,0,363
1097,120,0,340
1098,120,0,431
1099,120,0,422
1100,121,0,465
1101,121,0,372
1102,121,0,305
1103,121,0,483
1104,121,0,543
1105,121,0,547
1106,122,0,455
1107,122,0,554
1108,122,0,406
1109,122,0,474
1110,122,0,486
1111,122,0,295
1112,122,0,411
1113,122,0,472
1114,122,0,296
1115,122,0,514
1116,122,0,515
1117,122,0,417
1118,122,0,533
1119,122,0,551
1120,122,0,531
1121,122,0,542
1122,122,0,490
1123,123,0,531
1124,124,0,521
1125,124,0,538
1126,124,0,530
1127,124,0,357
1128,124,0,256
1129,125,0,372
1130,125,0,308
1131,125,0,309
1132,125,0,463
1133,125,0,512
1134,125,0,447
1135,125,0,366
1136,126,0,349
1137,126,0,546
1138,126,0,425
1139,127,0,430
1140,127,0,403
1141,127,0,476
1142,127,0,538
1143,127,0,472
1144,127,0,298
1145,127,0,527
1146,127,0,297
1147,127,0,299
1148,127,0,473
1149,127,0,349
1150,127,0,563
1151,127,0,542
1152,127,0,302
1153,128,0,564
1154,128,0,393
1155,128,0,459
1156,128,0,492
1157,128,0,375
1158,128,0,308
1159,129,0,287
1160,129,0,371
1161,129,0,329
1162,129,0,376
1163,130,0,313
1164,130,0,390
1165,130,0,306
1166,130,0,308
1167,130,0,459
1168,131,0,494
1169,131,0,562
1170,131,0,336
1171,131,0,556
1172,131,0,295
1173,131,0,523
1174,131,0,298
1175,131,0,299
1176,132,0,537
1177,132,0,501
1178,132,0,510
1179,132,0,493
1180,132,0,507
1181,133,0,528
1182,133,0,496
1183,133,0,515
1184,133,0,436
1185,134,0,435
1186,134,0,496
1187,134,0,499
1188,134,0,561
1189,134,0,377
1190,134,0,536
1191,134,0,380
1192,135,0,494
1193,135,0,537
1194,135,0,378
1195,135,0,562
1196,135,0,322
1197,135,0,280
1198,135,0,527
1199,135,0,469
1200,136,0,392
1201,136,0,308
1202,136,0,534
1203,136,0,341
1204,136,0,339
1205,137,0,392
1206,137,0,491
1207,137,0,470
1208,137,0,307
1209,137,0,565
1210,137,0,403
1211,138,0,494
1212,138,0,562
1213,138,0,554
1214,138,0,404
1215,138,0,406
1216,138,0,342
1217,138,0,309
1218,138,0,339
1219,138,0,411
1220,138,0,296
1221,138,0,388
1222,138,0,347
1223,138,0,301
1224,139,0,559
1225,139,0,470
1226,139,0,406
1227,139,0,460
1228,139,0,279
1229,139,0,527
1230,140,0,314
1231,140,0,529
1232,140,0,416
1233,140,0,419
1234,140,0,421
1235,141,0,405
1236,141,0,503
1237,141,0,289
1238,141,0,444
1239,141,0,442
1240,141,0,460
1241,141,0,560
1242,141,0,457
1243,141,0,356
1244,141,0,293
1245,141,0,319
1246,141,0,550
1247,141,0,463
1248,141,0,516
1249,141,0,558
1250,141,0,473
1251,142,0,470
1252,142,0,565
1253,142,0,547
1254,142,0,500
1255,142,0,406
1256,142,0,526
1257,142,0,399
1258,143,0,537
1259,143,0,455
1260,143,0,513
1261,143,0,439
1262,143,0,554
1263,143,0,396
1264,143,0,441
1265,143,0,406
1266,143,0,291
1267,144,0,491
1268,144,0,455
1269,144,0,411
1270,144,0,514
1271,144,0,523
1272,145,0,266
1273,145,0,564
1274,145,0,396
1275,145,0,382
1276,145,0,290
1277,145,0,383
1278,145,0,318
1279,145,0,453
1280,145,0,486
1281,145,0,437
1282,145,0,566
1283,145,0,429
1284,146,0,525
1285,146,0,411
1286,146,0,440
1287,146,0,489
1288,146,0,535
1289,147,0,494
1290,147,0,544
1291,147,0,538
1292,147,0,530
1293,147,0,468
1294,148,0,524
1295,148,0,343
1296,148,0,529
1297,148,0,538
1298,148,0,440
1299,148,0,468
1300,148,0,566
1301,149,0,565
1302,149,0,536
1303,149,0,440
1304,149,0,460
1305,149,0,567
1306,150,0,497
1307,150,0,549
1308,150,0,507
1309,150,0,492
1310,150,0,298
1311,151,0,403
1312,151,0,434
1313,151,0,426
1314,151,0,556
1315,151,0,356
1316,151,0,296
1317,151,0,283
1318,152,0,399
1319,152,0,430
1320,152,0,391
1321,152,0,453
1322,152,0,566
1323,152,0,523
1324,153,0,392
1325,153,0,335
1326,153,0,555
1327,153,0,490
1328,153,0,563
1329,154,0,470
1330,154,0,510
1331,154,0,561
1332,154,0,503
1333,154,0,276
1334,155,0,274
1335,155,0,307
1336,155,0,554
1337,155,0,544
1338,155,0,289
1339,155,0,529
1340,155,0,468
1341,155,0,505
1342,155,0,406
1343,156,0,390
1344,156,0,377
1345,156,0,306
1346,156,0,393
1347,156,0,467
1348,156,0,511
1349,157,0,286
1350,157,0,260
1351,157,0,401
1352,157,0,458
1353,157,0,352
1354,157,0,369
1355,157,0,372
1356,157,0,353
1357,157,0,263
1358,157,0,395
1359,157,0,483
1360,157,0,305
1361,157,0,524
1362,157,0,390
1363,157,0,376
1364,157,0,501
1365,157,0,393
1366,157,0,525
1367,157,0,404
1368,157,0,492
1369,157,0,567
1370,157,0,408
1371,157,0,530
1372,157,0,468
1373,157,0,442
1374,157,0,410
1375,157,0,486
1376,157,0,511
1377,157,0,357
1378,157,0,356
1379,157,0,293
1380,157,0,417
1381,157,0,558
1382,157,0,282
1383,157,0,423
1384,157,0,448
1385,158,0,371
1386,158,0,395
1387,158,0,430
1388,158,0,316
1389,159,0,285
1390,159,0,371
1391,159,0,372
1392,159,0,462
1393,159,0,524
1394,159,0,435
1395,159,0,503
1396,159,0,549
1397,159,0,444
1398,159,0,278
1399,159,0,432
1400,160,0,330
1401,160,0,271
1402,160,0,559
1403,160,0,543
1404,160,0,564
1405,160,0,376
1406,160,0,321
1407,160,0,486
1408,160,0,430
1409,160,0,429
1410,160,0,347
1411,160,0,256
1412,161,0,315
1413,161,0,271
1414,161,0,365
1415,161,0,269
1416,161,0,498
1417,162,0,519
1418,162,0,393
1419,162,0,476
1420,162,0,365
1421,162,0,507
1422,162,0,275
1423,162,0,396
1424,162,0,478
1425,162,0,290
1426,162,0,549
1427,162,0,467
1428,162,0,350
1429,162,0,529
1430,162,0,440
1431,162,0,504
1432,162,0,445
1433,162,0,468
1434,162,0,486
1435,162,0,506
1436,162,0,387
1437,162,0,413
1438,162,0,255
1439,162,0,522
1440,162,0,282
1441,162,0,512
1442,162,0,546
1443,162,0,563
1444,162,0,568
1445,163,0,458
1446,163,0,329
1447,163,0,462
1448,163,0,361
1449,163,0,360
1450,163,0,374
1451,163,0,390
1452,163,0,502
1453,163,0,510
1454,163,0,507
1455,163,0,556
1456,163,0,330
1457,163,0,561
1458,164,0,287
1459,164,0,458
1460,164,0,262
1461,164,0,462
1462,164,0,304
1463,164,0,305
1464,164,0,497
1465,164,0,492
1466,164,0,538
1467,165,0,451
1468,165,0,268
1469,165,0,527
1470,165,0,508
1471,166,0,286
1472,166,0,477
1473,166,0,543
1474,166,0,524
1475,166,0,289
1476,166,0,538
1477,166,0,380
1478,166,0,410
1479,167,0,483
1480,167,0,273
1481,167,0,329
1482,167,0,391
1483,168,0,465
1484,168,0,462
1485,168,0,450
1486,168,0,555
1487,168,0,556
1488,169,0,364
1489,169,0,311
1490,169,0,401
1491,169,0,374
1492,169,0,314
1493,169,0,315
1494,169,0,382
1495,169,0,332
1496,169,0,335
1497,169,0,388
1498,169,0,416
1499,169,0,482
1500,170,0,454
1501,170,0,311
1502,170,0,394
1503,170,0,367
1504,170,0,368
1505,170,0,286
1506,170,0,461
1507,170,0,312
1508,170,0,264
1509,170,0,501
1510,170,0,493
1511,170,0,551
1512,170,0,284
1513,170,0,271
1514,171,0,430
1515,171,0,450
1516,171,0,309
1517,171,0,281
1518,171,0,516
1519,171,0,558
1520,171,0,283
1521,172,0,400
1522,172,0,461
1523,172,0,398
1524,172,0,353
1525,172,0,312
1526,172,0,354
1527,172,0,427
1528,172,0,329
1529,172,0,264
1530,172,0,483
1531,172,0,433
1532,172,0,374
1533,172,0,402
1534,172,0,275
1535,172,0,513
1536,172,0,385
1537,172,0,279
1538,172,0,484
1539,172,0,515
1540,172,0,481
1541,172,0,424
1542,173,0,465
1543,173,0,400
1544,173,0,273
1545,173,0,304
1546,173,0,305
1547,173,0,496
1548,173,0,380
1549,173,0,487
1550,174,0,395
1551,174,0,375
1552,174,0,313
1553,174,0,306
1554,174,0,296
1555,175,0,285
1556,175,0,252
1557,175,0,390
1558,175,0,317
1559,176,0,252
1560,176,0,455
1561,176,0,548
1562,177,0,389
1563,177,0,305
1564,177,0,513
1565,177,0,489
1566,177,0,293
1567,177,0,482
1568,177,0,282
1569,178,0,483
1570,178,0,399
1571,178,0,265
1572,178,0,320
1573,178,0,526
1574,178,0,471
1575,178,0,556
1576,179,0,454
1577,179,0,422
1578,179,0,473
1579,179,0,469
1580,179,0,553
1581,179,0,569
1582,180,0,395
1583,180,0,496
1584,180,0,360
1585,180,0,559
1586,180,0,267
1587,180,0,278
1588,180,0,442
1589,180,0,508
1590,180,0,532
1591,181,0,267
1592,181,0,540
1593,181,0,493
1594,181,0,411
1595,181,0,296
1596,181,0,423
1597,182,0,389
1598,182,0,483
1599,182,0,330
1600,182,0,565
1601,182,0,528
1602,182,0,503
1603,182,0,268
1604,182,0,445
1605,182,0,556
1606,182,0,506
1607,182,0,344
1608,182,0,417
1609,182,0,416
1610,182,0,421
1611,183,0,543
1612,183,0,524
1613,183,0,565
1614,183,0,452
1615,183,0,500
1616,183,0,499
1617,183,0,403
1618,183,0,537
1619,184,0,501
1620,184,0,306
1621,184,0,491
1622,184,0,561
1623,184,0,459
1624,184,0,520
1625,184,0,536
1626,184,0,489
1627,184,0,268
1628,185,0,252
1629,185,0,464
1630,185,0,484
1631,185,0,391
1632,186,0,404
1633,187,0,331
1634,187,0,426
1635,187,0,560
1636,187,0,410
1637,187,0,506
1638,187,0,511
1639,187,0,417
1640,188,0,401
1641,188,0,458
1642,188,0,372
1643,188,0,329
1644,188,0,320
1645,188,0,361
1646,188,0,534
1647,189,0,524
1648,189,0,452
1649,189,0,547
1650,189,0,499
1651,189,0,563
1652,189,0,475
1653,190,0,462
1654,190,0,351
1655,190,0,359
1656,190,0,266
1657,190,0,536
1658,190,0,433
1659,190,0,365
1660,190,0,318
1661,190,0,521
1662,190,0,378
1663,190,0,321
1664,190,0,502
1665,190,0,518
1666,191,0,499
1667,191,0,561
1668,191,0,510
1669,191,0,477
1670,191,0,567
1671,191,0,521
1672,192,0,414
1673,192,0,415
1674,192,0,514
1675,192,0,515
1676,192,0,566
1677,192,0,516
1678,193,0,375
1679,193,0,377
1680,193,0,549
1681,193,0,560
1682,193,0,509
1683,193,0,281
1684,194,0,315
1685,194,0,314
1686,194,0,343
1687,194,0,383
1688,194,0,270
1689,195,0,470
1690,195,0,547
1691,195,0,494
1692,195,0,562
1693,195,0,477
1694,195,0,396
1695,195,0,434
1696,195,0,467
1697,195,0,449
1698,195,0,431
1699,196,0,318
1700,196,0,383
1701,196,0,341
1702,196,0,300
1703,196,0,382
1704,197,0,538
1705,197,0,560
1706,197,0,486
1707,197,0,295
1708,197,0,418
1709,197,0,481
1710,197,0,568
1711,198,0,392
1712,198,0,565
1713,198,0,499
1714,198,0,440
1715,198,0,530
1716,198,0,431
1717,198,0,506
1718,199,0,543
1719,199,0,393
1720,199,0,376
1721,199,0,380
1722,199,0,471
1723,199,0,267
1724,199,0,355
1725,199,0,554
1726,199,0,449
1727,199,0,279
1728,199,0,539
1729,200,0,331
1730,200,0,392
1731,200,0,530
1732,200,0,410
1733,200,0,279
1734,200,0,408
1735,200,0,539
1736,200,0,481
1737,201,0,502
1738,201,0,276
1739,201,0,327
1740,201,0,300
1741,202,0,267
1742,202,0,556
1743,202,0,552
1744,202,0,385
1745,202,0,486
1746,202,0,356
1747,202,0,428
1748,202,0,418
1749,202,0,545
1750,202,0,551
1751,202,0,523
1752,202,0,256
1753,202,0,297
1754,202,0,516
1755,202,0,570
1756,202,0,429
1757,202,0,518
1758,202,0,424
1759,202,0,546
1760,202,0,475
1761,202,0,568
1762,202,0,532
1763,203,0,449
1764,203,0,549
1765,203,0,504
1766,203,0,479
1767,203,0,457
1768,203,0,319
1769,203,0,348
1770,203,0,415
1771,203,0,533
1772,203,0,550
1773,203,0,384
1774,203,0,428
1775,203,0,546
1776,203,0,495
1777,203,0,514
1778,204,0,496
1779,204,0,491
1780,204,0,547
1781,204,0,470
1782,204,0,536
1783,204,0,526
1784,205,0,392
1785,205,0,265
1786,205,0,274
1787,205,0,536
1788,205,0,331
1789,205,0,502
1790,205,0,567
1791,205,0,435
1792,205,0,408
1793,205,0,478
1794,205,0,505
1795,205,0,506
1796,205,0,410
1797,205,0,357
1798,205,0,343
1799,205,0,460
1800,205,0,558
1801,205,0,346
1802,205,0,546
1803,206,0,252
1804,206,0,464
1805,206,0,452
1806,206,0,492
1807,206,0,478
1808,206,0,544
1809,206,0,376
1810,206,0,467
1811,206,0,316
1812,207,0,395
1813,207,0,380
1814,207,0,308
1815,207,0,350
1816,207,0,560
1817,207,0,340
1818,207,0,282
1819,208,0,286
1820,208,0,260
1821,208,0,370
1822,208,0,368
1823,208,0,402
1824,208,0,543
1825,208,0,491
1826,208,0,307
1827,208,0,554
1828,208,0,404
1829,208,0,520
1830,208,0,440
1831,208,0,441
1832,208,0,529
1833,208,0,289
1834,208,0,411
1835,208,0,539
1836,208,0,552
1837,209,0,264
1838,209,0,462
1839,209,0,316
1840,209,0,382
1841,209,0,303
1842,210,0,365
1843,210,0,510
1844,210,0,275
1845,210,0,456
1846,210,0,276
1847,210,0,363
1848,210,0,415
1849,210,0,357
1850,210,0,557
1851,211,0,321
1852,211,0,505
1853,211,0,556
1854,211,0,434
1855,211,0,437
1856,211,0,432
1857,211,0,270
1858,211,0,495
1859,211,0,414
1860,211,0,413
1861,211,0,566
1862,211,0,518
1863,211,0,283
1864,211,0,532
1865,212,0,448
1866,212,0,303
1867,213,0,403
1868,213,0,537
1869,213,0,393
1870,213,0,493
1871,213,0,408
1872,213,0,538
1873,213,0,357
1874,213,0,298
1875,214,0,371
1876,214,0,361
1877,214,0,331
1878,214,0,526
1879,214,0,537
1880,214,0,519
1881,214,0,382
1882,214,0,536
1883,214,0,432
1884,214,0,428
1885,214,0,533
1886,214,0,284
1887,214,0,570
1888,215,0,260
1889,215,0,271
1890,215,0,268
1891,215,0,479
1892,215,0,558
1893,216,0,400
1894,216,0,261
1895,216,0,394
1896,216,0,377
1897,216,0,375
1898,216,0,306
1899,216,0,390
1900,216,0,267
1901,216,0,316
1902,216,0,549
1903,216,0,382
1904,216,0,383
1905,216,0,339
1906,216,0,386
1907,216,0,446
1908,217,0,365
1909,217,0,289
1910,217,0,474
1911,217,0,293
1912,217,0,488
1913,217,0,303
1914,218,0,528
1915,218,0,521
1916,218,0,385
1917,218,0,408
1918,218,0,410
1919,218,0,445
1920,218,0,284
1921,218,0,409
1922,218,0,310
1923,219,0,470
1924,219,0,361
1925,219,0,564
1926,219,0,559
1927,219,0,439
1928,219,0,525
1929,219,0,440
1930,219,0,267
1931,219,0,450
1932,219,0,534
1933,219,0,504
1934,219,0,445
1935,219,0,338
1936,219,0,385
1937,219,0,408
1938,219,0,530
1939,219,0,344
1940,219,0,535
1941,219,0,431
1942,219,0,411
1943,219,0,294
1944,219,0,345
1945,219,0,518
1946,219,0,531
1947,220,0,455
1948,220,0,333
1949,220,0,322
1950,220,0,450
1951,220,0,296
1952,220,0,516
1953,220,0,283
1954,220,0,327
1955,220,0,300
1956,221,0,507
1957,221,0,513
1958,221,0,431
1959,221,0,412
1960,221,0,509
1961,222,0,337
1962,222,0,550
1963,222,0,480
1964,222,0,558
1965,222,0,271
1966,222,0,448
1967,222,0,542
1968,222,0,310
1969,223,0,509
1970,223,0,414
1971,223,0,495
1972,223,0,566
1973,223,0,345
1974,223,0,523
1975,223,0,429
1976,223,0,532
1977,224,0,376
1978,224,0,540
1979,224,0,541
1980,224,0,377
1981,224,0,270
1982,224,0,319
1983,224,0,326
1984,224,0,463
1985,224,0,298
1986,224,0,347
1987,224,0,423
1988,224,0,570
1989,225,0,500
1990,225,0,541
1991,225,0,540
1992,225,0,408
1993,225,0,460
1994,225,0,445
1995,225,0,319
1996,226,0,529
1997,226,0,440
1998,226,0,408
1999,226,0,474
2000,226,0,431
2001,226,0,506
2002,226,0,385
2003,226,0,357
2004,226,0,539
2005,226,0,417
2006,227,0,405
2007,227,0,552
2008,227,0,278
2009,227,0,555
2010,227,0,423
2011,228,0,311
2012,228,0,265
2013,228,0,315
2014,228,0,363
2015,228,0,335
2016,228,0,555
2017,229,0,267
2018,229,0,489
2019,229,0,323
2020,229,0,363
2021,229,0,337
2022,229,0,450
2023,229,0,341
2024,229,0,277
2025,229,0,555
2026,229,0,442
2027,229,0,468
2028,229,0,343
2029,229,0,340
2030,229,0,550
2031,229,0,386
2032,229,0,416
2033,229,0,419
2034,229,0,421
2035,229,0,420
2036,230,0,320
2037,230,0,385
2038,230,0,293
2039,230,0,346
2040,230,0,488
2041,231,0,261
2042,231,0,401
2043,231,0,322
2044,231,0,544
2045,231,0,323
2046,231,0,341
2047,231,0,489
2048,231,0,535
2049,231,0,412
2050,231,0,416
2051,231,0,347
2052,231,0,257
2053,232,0,364
2054,232,0,389
2055,232,0,369
2056,232,0,427
2057,232,0,438
2058,232,0,485
2059,233,0,266
2060,233,0,403
2061,233,0,322
2062,233,0,337
2063,233,0,277
2064,233,0,295
2065,233,0,505
2066,233,0,515
2067,233,0,298
2068,233,0,388
2069,233,0,484
2070,233,0,479
2071,233,0,447
2072,233,0,284
2073,233,0,531
2074,233,0,303
2075,234,0,526
2076,234,0,361
2077,234,0,405
2078,234,0,391
2079,234,0,439
2080,234,0,538
2081,234,0,444
2082,234,0,276
2083,234,0,406
2084,234,0,554
2085,234,0,346
2086,234,0,558
2087,234,0,349
2088,234,0,300
2089,234,0,542
2090,235,0,336
2091,235,0,530
2092,235,0,468
2093,235,0,486
2094,235,0,410
2095,235,0,506
2096,235,0,515
2097,235,0,417
2098,235,0,558
2099,235,0,517
2100,235,0,557
2101,235,0,553
2102,236,0,288
2103,236,0,307
2104,236,0,489
2105,236,0,490
2106,237,0,308
2107,237,0,336
2108,237,0,560
2109,237,0,294
2110,237,0,555
2111,237,0,281
2112,238,0,565
2113,238,0,496
2114,238,0,361
2115,238,0,378
2116,238,0,500
2117,238,0,499
2118,238,0,502
2119,238,0,405
2120,238,0,510
2121,238,0,567
2122,238,0,562
2123,238,0,477
2124,238,0,507
2125,238,0,385
2126,238,0,440
2127,238,0,504
2128,238,0,276
2129,238,0,431
2130,238,0,486
2131,238,0,541
2132,238,0,540
2133,238,0,290
2134,238,0,410
2135,238,0,468
2136,239,0,520
2137,239,0,276
2138,239,0,414
2139,240,0,262
2140,240,0,373
2141,240,0,398
2142,240,0,433
2143,240,0,359
2144,240,0,496
2145,240,0,374
2146,240,0,271
2147,240,0,528
2148,240,0,404
2149,241,0,507
2150,241,0,406
2151,241,0,468
2152,241,0,505
2153,241,0,570
2154,242,0,435
2155,242,0,500
2156,242,0,491
2157,242,0,361
2158,242,0,385
2159,242,0,431
2160,242,0,506
2161,242,0,293
2162,242,0,295
2163,242,0,479
2164,242,0,415
2165,242,0,515
2166,242,0,570
2167,243,0,307
2168,243,0,314
2169,243,0,316
2170,243,0,382
2171,243,0,337
2172,243,0,489
2173,243,0,334
2174,243,0,444
2175,243,0,383
2176,244,0,570
2177,244,0,517
2178,244,0,487
2179,245,0,452
2180,245,0,491
2181,245,0,361
2182,245,0,436
2183,245,0,439
2184,245,0,412
2185,245,0,356
2186,245,0,415
2187,245,0,417
2188,245,0,280
2189,245,0,545
2190,245,0,487
2191,245,0,531
2192,246,0,426
2193,246,0,555
2194,246,0,295
2195,246,0,533
2196,246,0,299
2197,247,0,262
2198,247,0,496
2199,247,0,524
2200,247,0,520
2201,247,0,436
2202,247,0,376
2203,248,0,436
2204,248,0,500
2205,248,0,289
2206,248,0,355
2207,248,0,529
2208,248,0,437
2209,248,0,531
2210,249,0,375
2211,249,0,561
2212,249,0,549
2213,249,0,456
2214,249,0,382
2215,249,0,494
2216,249,0,377
2217,249,0,361
2218,249,0,567
2219,249,0,441
2220,249,0,444
2221,249,0,357
2222,249,0,409
2223,250,0,454
2224,250,0,311
2225,250,0,394
2226,250,0,367
2227,250,0,368
2228,250,0,286
2229,250,0,461
2230,250,0,312
2231,250,0,264
2232,251,0,285
2233,251,0,352
2234,251,0,373
2235,251,0,304
2236,251,0,379
2237,14,0,571
2238,17,0,571
2239,20,0,572
2240,34,0,384
2241,63,0,573
2242,64,0,572
2243,64,0,573
2244,75,0,574
2245,125,0,572
2246,153,0,573
2247,162,0,575
2248,162,0,573
2249,167,0,427
2250,167,0,487
2251,173,0,573
2252,186,0,572
2253,190,0,438
2254,190,0,504
2255,205,0,572
2256,218,0,572
2257,219,0,573
2258,239,0,536
