entity,id
AFSKPY37N3C43SOI5IEXEK5JSIYA,0
AHV6QCNBJNSGLATP56JAWJ3C4G2A,1
AFJBKPK5W56XWSNPQU2WW66ISWYQ,2
AFXF3EGQTQDXMRLDWFU7UBFQZB7Q,3
AFWVN52MRBWOTIK7UGXBWGOY4HBA,4
AFQQQ5LGNSQUEBGDCYBAZZE5T3DA,5
AGAM2CCKV52HI4YZU7ASZTSXA7YQ,6
AF2BLE54TEMGZ546U763ZHZRXC4A,7
AGZZXSMMS4WRHHJRBUJZI4FZDHKQ,8
AGD25H7BIT2JUXSIOPYCYB23J3ZQ,9
AEXGISIVX7WBUNI7UHHERVB3DF7Q,10
AEZP6Z2C5AVQDZAJECQYZWQRNG3Q,11
AGTW6ZGPUAORQ7X6CNBP6PJW7OTA,12
AHALZ7AKVAVL7QEVBCI55JVLGXOQ,13
AHTLWVDXSMG5YMVMEIWWOU6XBZMA,14
AHMG3ALUBE3FEBHODTBHP5J24YDA,15
AG73BVBKUOH22USSFJA5ZWL7AKXA,16
AH7LDXK3GT67FZKMRW7MP477DJVQ,17
AE3KLVXGZPANXE5XLXYKHTVAZ3FQ,18
AETWQ4GYGV4QRMTMWGBIDVASBKHA,19
AH6JLX5SJSUOJBBT6RRE2RDXIG6A,20
AF2YKZQRMRGJ655I3MKQUYFGRQGA,21
AHWCZ47A7FIYEJ7KEJG3BO3F5YXQ,22
AF4P6A3SEKS2HCISWAKFZVIFM7NQ,23
AECQQBG6YRYCOJL2NCB2H3V6LD6Q,24
AFVV7CLXY43P3Z3F7SROBZATZVSQ,25
AEXYLV5YOYWSLGG47VVECVURA7XQ,26
AEAXAJACFMXIAAH4WOHRMXPSZWFA,27
AFZDKJMOCGD5KJ2TXWOZB5OAJO5A,28
AH5HSMUMRJRDWBPFDQ6G3EAAOSFQ,29
AHT6AM6BNIZUHFJB5V2M6XM72G7Q,30
AG644AQBRT56BVFDCJMISCNTSRMA,31
AEMRAZPNN2NBBUDV4YGGYMGPFC6A,32
AH2LTMRG3MQNGRZYPPCOJF4KPS3A,33
AH3BXW7KLIS2VAE56UXJS2NS7I5A,34
AEPEDW5FBBJ2XYR2BIJAKUPHCMHA,35
AF3RENOGZJOCO24HPO75EEIF4EHQ,36
AES3YWD3ONJOUDRWFIV2ZO44QDAQ,37
AELHYMCYVS6T35HA3UH5UGFWTK6Q,38
AEYVPPWR4CIKWX4BGYKCBCDL2CZQ,39
AGYVC7KVHP2AWM7BDCEYNHFA6F3Q,40
AGBG3KK74IKWJNQVMQAGVBWJ7FAQ,41
AHX2B4DEER2QR3IU3CCNB3CWC6TA,42
AG4TRGDHYIBT4CH63VJYM5IOAMTQ,43
AEVFWS7JFEKHYDZKH4SI5YDSNGJQ,44
AG3HKK7MIKRQ7DOTNDOE63X2WJGQ,45
AECOPBDL3PHOESNB2RXKPZSXGBOA,46
AGLGCQJ6R7DK2HOZRYGHMQ7D6BTA,47
AGJWAZESYDYURVDSAMHKVAM2IBWQ,48
AFKX24ALWAPX366KX6DWTOBWLQAA,49
AF2LFSDT2SHRD2WEEC3O2ZWIWYEQ,50
AEGKJTQWHGBIOTO34OB3GKIGCN7A,51
AFNRGRORFAGSB7WGANETBDDYDEAQ,52
AEUAQ6BAUEBP2C754LR3ILYHP54Q,53
AHBDPVXHGNIRMIGLCRCABCOLFJTA,54
AF7XNTURXVPO55T5EP4B4DVPQPPQ,55
AEHLKY7Q5O3D3E6YEV67JIBVFNFA,56
AH5ONINJRNZ674DXUMV4RMYIFYVQ,57
AG7JCEMC64AM7JPATDVGP6YZOTXA,58
AGSVNZDZNPCMXG5DEFXMZNRH2LCQ,59
AEZY3WQ5CO4DOXRNJOWWXJYKCAXQ,60
AHGQDSOBAIVAAKJFIVEGS344MSXA,61
AEHWKRPNWNMOAJSMO2F6O7RFRTNA,62
AG7WXYJR3N3IOL7NX6QUZJUPBVDA,63
AE3PLZHW6NXWBMZ76TDVFQG2MJFA,64
AH5PGJYVXBFVRXAFSTA7AEH4EXRQ,65
AF3SRSVEGKHPRSWJ5G4GDUILTOYA,66
AFZGS7XLGLJFUSUWNX4XA6SGEZQA,67
AGRO3UTLKTF724ZW64QXGWXJ4SYA,68
AELRWE7QQJRKDFHDQHVAODTF5FRA,69
AHCR53CDYDQAS6C5TZXQWB4PWTCQ,70
AGFXY5HVXFJFJ2SJDGZL5YLGR6RA,71
AEQJM4TTCTH6MTHXAUQHIZ4JZZHA,72
AGFBEZSOTMPM4M4CHRW3QPDAHJUQ,73
AGCV6N4LVTEQVYSE3LXR3J2QB3EA,74
AGLLAOO4MTOC5RG6EIUCOSK4XXXA,75
AEPKAGO2WGVI55RQAVNBXKGJ2BOQ,76
AF5IQSGLYMWLW4KH2V7VTUZLHUOA,77
AFLI33M7ADMQ2B3DSIJLODWUHTAA,78
AEGTJSI4X2EZHAL5VWJV3RCJIO4A,79
AEH7RAIDBU7QALXTMWAA73PTL4JA,80
AGZYMSCZZ5SPWHX5AVWTP64TY7AA,81
AHH7DYW535JNEGASCET44RLTKG7A,82
AECTRGMRKOGAYIV3YXX73CQEQCSQ,83
AFGCJIO7DNVCCZPG4KVMKKXVPJLQ,84
AGNUU44ETNXLBOUB53LJGFJP3SQA,85
AGWF6BTLJVQQ2N2R5PKNJOLY65GQ,86
AHHWCYE6JF6MMRDKHOGRTNAUOMPA,87
AGADKXWLAJJ4FGWIDIWAPJL5A6HA,88
AHPG65LKS3QKRWDUWAKZNLEK5RZQ,89
AGRKJRPX6I5DQPODOC4YJ7CT4XWA,90
AE3LUVAAITFJIUTWBMRPHDQOCOFQ,91
AFPPNF3RSFMMNC5UAM6V4B475MBQ,92
AFFHB6JLPVY4W566NW67GFKDBRNQ,93
AEPY4UJP6QEKT5DBCY2QYMAFMMAQ,94
AEFU6XKGH6J4ZIYTVVBGEDUCTZHQ,95
AGWXHH2DQWVMVZA3GHAFJQ7ROGQA,96
AGFAOH3NMW2D7YV3QVZSTXMTSKIQ,97
AHC6X7NTYM3C36TZF7C3K3Q7HDEA,98
AECIT3NMW6RKABFS6YOCYX4YUYOQ,99
AGPGFFJDCKXPNBWCC5YP2ZUDPNGA,100
AHMZDG7TLXFO6H5RPWEX6PX6EN5A,101
AF4T3AQXLGSWBXPJV3RI2DBPEYUA,102
AGJMUGA3ZLDJXI7HMYAZXXISE3UQ,103
AFHB5H6XQKOFLV7JRZUBA6IHJC6A,104
AFEYLO2BKJA2CAG6QGE55RGC7PDA,105
AEE4M36AZAKURLEYGV23TM3BE7OQ,106
AEQ7D7IDDUFNPOL4VDSXWZPIWKUQ,107
AELZIKZNMROP2SMO5XXVB4V36RJA,108
AFESFBY7EYJMQNKR572SZFAAET5Q,109
AF2AJZ2KIDH4QJSOXBKCFGAZITGA,110
AHVS5I6ROMNPROYEMWTCCLR6WP6A,111
AGK5FHPJXPI75CVFCUKFFKLIF3VQ,112
AGNP7WAB6CTY72PMMJZTE2DABPPA,113
AH4PCTM7BHVUX6WCGJB5PNS6K3JQ,114
AFDNVPMB44ZS5O2CSJTL47BI2QTQ,115
AE53TOMIUB7ENP3RD44KDAARU6AQ,116
AHLZVZPQ5TWJ6KXNLADJBDZAT7EA,117
AFEFRMJ5OQHPKVHB3YSZXIS7V4CQ,118
AEK3IYABOEGTXOTX7P6SBQJUP57A,119
AEZG2W4TRMMNFFAWS2BPQE676K4Q,120
AGAVFN7CIWVLIDLJSMFNLJWNEDUQ,121
AHPGHDFIU3BUB3RQBP56RQQA7W4Q,122
AE3UKETTR77J4LM2ZE4AEUC4L6KA,123
AF5A5PMCP3EPIOVGZSAJWNICC6UQ,124
AFPMVI6ZRR7KS7AWRIBCKILWDVIA,125
AHOYQ263ZGBZIBPQGKNVAWG35DNQ,126
AGXMWJK3YL4SV5FJ27JEJZPZHRBA,127
AFB7QGOJXRTRRZ3SDOSIRCR66UQQ,128
AHA6NYC6QHOU7G37PNF5EBIOUBWQ,129
AHSP5IKX6USXFMSHWDQMXSKAEJ3Q,130
AFB3QHU3MOWSWQ7ISC5I7JISKQVQ,131
AFV2E7NCZRG62FXOLQO2SHSN5H3A,132
AHT7TDFPRBZE3GH7RFKCPSCEAR5Q,133
AEPUSQBCPOBYEQDRQD5RI6Q67ERQ,134
AHCA3FF2KQI7SRT32XBZCNHFEHOQ,135
AE3335XF4PMHSXKTW5B7N7EALG3Q,136
AFRUBJ22O26J35OD5MJLBC6RUJKQ,137
AFSQYNVKFMP3WWNXTFTNBFNU3EOA,138
AFSYEOBTC3ULN3DGKABPFR6FIWQQ,139
AGPTRM72WHO5EUPQUWS47FFGAALA,140
AHBWH2LBU3NFLD46GKJKIBAHKXEQ,141
AERJSFYTGI6ACY5VSOYQ5RAN6QFQ,142
AH3POWPCN3JIW3IUL6H24L536NQQ,143
AHXL6HSB4XCGSXWTGDHXNFDAMDDA,144
AECADZLPUNH3BDNACLFF7PSHN5MQ,145
AFR2XB7TRMQJCRB6INYP2W73EH5A,146
AGPCJNECQMG7LPLITZVHXP3F2HUA,147
AH23OXTW7BKRZ3YB6JBQGFB3SMIQ,148
AHY37H4JF643FXWO3USRK3VSFFQA,149
AF4TV3NNARN2N7YV6Z44S2YN237A,150
AEU64BW76A3GKMZAGLUZZORCMB7A,151
AHLQVJPH73V2UVWJCRLAXXFKOGLQ,152
AFNACT4MLU243POBVE666TFVUPGQ,153
AGZSDSHEGWQOJZAJRXGXXV4FULIA,154
AFPQJSBCMEKL3PT54KPROBQ2TAXA,155
AESWZGOSDDULZ2TWG6GLDEU2X5JA,156
AEOK4TQIKGO23SJKZ6PW4FETNNDA_1,157
AHBEKWBIK2I7EPZH4L2Z2G4IZWNA,158
AEHZBUFEOW4TY3K4IYFFR5ZU5B3Q,159
AFGGRGHGHSFKMZASFBYFRHBBEOPA,160
AEKV4Q3JUQTQA2UR7PH7QLUHUTTQ,161
AHY2TURQPNIDXZGH2CMQLZ343YMQ,162
AGN5KJZU3FYSKVWXWM66LXYWL5CQ,163
AESCUI6VXJSHLUIO44Y5ERAHZE4A,164
AFSHXT5PTGDSFW2725SDXIE6ZVEA,165
AHO7CJSLW22GMWPFB35V3L4OFUYQ,166
AFTJ7XQN2EIELHARUBBL6Y7L65DA,167
AFO6QRJE7PPMBY2P66V2FPKJUIEA,168
AERGQ6U7YCR6JZ54FFKYPUM7PFDQ,169
AFKZESU3PTCQ2UVDBDSFVFTXBFNQ_1,170
AGTGHYRTZXKX4AIL42A3FKWR7SOQ,171
AG4D44BNNLUEZNG7COK2CNRYUHYQ,172
AGV5NQ4JDQD6NHXVF6AVZPVDX66Q,173
AH36N5HJJQCBDAURJUTFAIB4GRFA,174
AEV7Q27IHW3CU2NGA5NMHVHTLIAQ,175
AEIW7GMVHQ4HBUXTTYEMHEMADUMQ,176
AEXO6YBJHQZFPLVRQJI6VX7IJDNA,177
AHUIIYUMY5OXQWRECL5JEK4AITBA,178
AEHGY7TZA4IMOXXBGPTZC7UPM6UQ,179
AFZIHXLLRIZYAZDRCGC3Z4DYUMQQ,180
AHG5KKQMMZJA46LDH73IZ4QUHYXA,181
AESIZ3ATHVPMZM5NI6ZJOZBH547A,182
AEQKG4FNUB67X4JUBJRWT3ISVKDQ,183
AG5A4BNLSYHH2IEFJD3UM3N2IPMA,184
AGLQET6T4ZX4C4UXTNEMYHIWLFHA,185
AE5GH4VM5Q5HNUL4EOAYRLNB7RVA,186
AH5BEMAKZE5RJ3JSHUYOJ7S2WKBA,187
AG3FVTSD7ISLKALIPY24IVJCCDTA,188
AENALXICBEUWDJG6U2GYCGEVM3OQ,189
AGQIUTI7M4XUGCRV6E66FAOCX5PQ,190
AGGAEZZTJZWEGLEMKXW5NTNXH7VQ,191
AHGIDR4IJFS23Q4GTZ33FI5LYDSQ_1,192
AEIGRLFPH5Z3EQ73Z23CJ3WX6R6A,193
AEXPTZ272HHG2KO2JAGU5IL45HIQ,194
AHEJQ4CPSHAQNTHL4BCVCAPZ7YWA,195
AEKNMPUXBMNMHDYWMLKOUTEY3LYA,196
AEWHLGO6FWZ4ZO7N6TX7I2FYO6EA,197
AFFGJTTHRCSKGMMCNHT7UWTMKKCQ,198
AHDVSLWHSORYGG3S5QZMVDFNOXUQ,199
AE3QBGRRHKT3GFDPRXFEN7JICEZQ,200
AHTOPAM4UMS6AZRFWMBBXWNYYEVQ,201
AGZUJTI7A3JFKB4FP5JOH6NVAJIQ_1,202
AHPG65LKS3QKRWDUWAKZNLEK5RZQ_1,203
AGLW4RPFGBKWE3FBZBEP2JWUIOCA,204
AGOLMT3QETKYNESRYKBA6D7XXS7A,205
AGQXRXHIEUGJU6KNUPNWMXYBRREA,206
AGC7QCUXJISMEA6RKUGWBKYFA3EA,207
AEODUUL6REW3PW2ZGFREKGWBYUZA,208
AFY3DF5ZXFAWH5ADLZPJYCW2IM2Q,209
AE23ZBUF2YVBQPH2NN6F5XSA3QYQ,210
AEJU3Z6HDAERETMYI2CXBQVPPDFA,211
AEZUL3R34WWAORYARPTJG2X6KC5Q_1,212
AGQVYRFKX6G5VO65RHQ7UZKGSTKQ,213
AEV4UO43YIZXLNB4E64KWRJ3ACXQ,214
AEBWGXGGL3Q5DSTMUQSTVUJDWSMA,215
AGLIUT3VWAE7UEZHWVHNLDTBOAEQ,216
AEC6IZVI2NGFBCIYVD4X5MDGB6DQ_2,217
AHYOSWORVZFXM5QMRIAW3JTTFFIQ,218
AEMP3A7IKW37CMWFXNKXWW6HGJHA_1,219
AHBFC446AIQBMLC3U4SV6YJJERPQ,220
AFBUKVT3KQFLL4X536HS4KKBBJ7Q,221
AEAT2QOOIXWFLBQESCVLAVXLK3RQ,222
AFDYIK3FNPY2JFBQYUWC6GSBMIRQ_2,223
AE5IMGWRBJA7JQFBQTBK25HDYGVA,224
AHF2R43HMV6S2J42LN6NLQTRBLJA,225
AH4TB6XJJKH3WLSX2D56JYJ4Z4ZA,226
AG2V56KGC2Y3VNKPON3W56ZGFOFA,227
AEFRTLVCVRALKXBED77KHPIXEPWQ,228
AE5ESL52LWWBJTSFOAXSFZA3XCGQ,229
AFZSVK7P23M2B7GYUYU7TQIHCGFA_1,230
AFVOZ4UNUZKEQ7GTQ3IHQY7PZ5FA_1,231
AGS4KJHF5LOOWT2A5TJJFMB24VOA,232
AGCGQWDEGSGIIT7AZZ7RGY5ZU74Q,233
AFNCHMAKUAJOGVCKOA4XGLINHPDQ,234
AHSV4TYSAX52BIHH7PLZRD44KZHA,235
AEVFWS7JFEKHYDZKH4SI5YDSNGJQ_1,236
AFJOKSJE3KPYSUXT6TCKRRD4RO2Q,237
AGFLDIUYV2PKF5Q7IEMULR52GW2Q,238
AETJVSLQFY2F7D5AZ7H4ONORPQEQ_1,239
AGV2YW5B3SCKG6WV422CIITZOGRQ,240
AGROTY3KEQXC7OWGNLDMPTDPJXHA,241
AFLKX7ZNVK2DN6LG3EAP6ZNYUFHA,242
AF4XCHGF2AJ4S2MV22Y7KOUJFZPQ,243
AEOJWMWHWXTDHZ2X6TLFNHCOEH4Q,244
AFUWF5DARSSBPDLHSY67Q3LCI54Q,245
AFRMOOG7VG4WSGTOQCQMGLIGC5LA_1,246
AEOTWG667CGEIHYH33COIX53Y25Q,247
AHT556AWAYQIXS3RB57QNRQLBARQ,248
AESI2BA4YODTHOSRFLJCSTAM6XDQ,249
AFKZESU3PTCQ2UVDBDSFVFTXBFNQ_2,250
AG3GU5MHHM662AATYNDWYOKOZP7A,251
wig_wigs_hair_wavy_beauhair,252
gel_nail_polish_ounces_item,253
gel_manicure_mascara_skin_ounces,254
eyeshadow_palette_makeup_brushes_pencil,255
gel_manicure_nails_nail_polish,256
mascara_lashes_eyelashes_eyeliner_eyelash,257
bottles_bottle_mist_ounces_dispenser,258
gel_manicure_acrylic_nails_glitter,259
shampoo_conditioner_sulfate_hair_wax,260
gel_acrylic_manicure_skin_ounces,261
headband_headbands_headwear_accessories_hair,262
moisturizer_skincare_moisturizing_skin_aloe,263
moisturizer_skincare_moisturizing_lotion_cream,264
moisturizing_mask_acne_hyaluronic_masks,265
B08LYT4Q2X,266
B089CSF11Y,267
B081ZN3TD5,268
B08WF29DM9,269
B08HMLXW65,270
B08BF4BKKM,271
B09GNXK3N1,272
B08JCX3DL7,273
B08SQ31H8P,274
B08C24Q6LB,275
B07SW7D6ZR,276
B07KG1TWP5,277
B08PTZL95G,278
B088M5P8FN,279
B0845LNDJK,280
B08J7R5HHX,281
B089NJG212,282
B083TLNBJJ,283
B08BS3WDPJ,284
B07YG4PRTN,285
B089D16BWJ,286
B07FPS2VFK,287
B08HZ5Y8RY,288
B088PYN4VM,289
B08F79Z1Q5,290
B07P4LLZS6,291
B07NPWK167,292
B08HRHCZV2,293
B08K8P7LN6,294
B07W397QG4,295
B07Z4CVTRP,296
B0941YDPSW,297
B08Q3F3L7S,298
B07HVRP37G,299
B0888CX245,300
B087ZQK2G8,301
B085RQKWNF,302
B08N6CLJ6P,303
B08NC4378M,304
B08DKFV9SR,305
B07PCGSFGQ,306
B089R7S73D,307
B0863FZFPV,308
B086GST51S,309
B09L33VJCL,310
B085MCMZLX,311
B08343FS9P,312
B08BXVJMRY,313
B089KBMST6,314
B07JGD2T2J,315
B08HVRP54L,316
B0919R1CYT,317
B08B3TCMSQ,318
B083122WRC,319
B088GWCVVJ,320
B08KJF6Y6C,321
B08MRRNL18,322
B0B8SFDJN9,323
B0B4MR9BXN,324
B08575Y9V3,325
B08VQY1Z1S,326
B087GB8ZRF,327
B07ZS3DKL5,328
B08SG2MBRY,329
B08JTNQFZY,330
B08QVJ4NVD,331
B0BVQQ58G8,332
B08BB3P4VQ,333
B07ZQRX7FX,334
B08PLFZB89,335
B08C72C56Z,336
B07VGBBNTH,337
B08BKWLHYP,338
B0844X21MJ,339
B08HGZXLP6,340
B07D5FBFQ4,341
B07MZT83KK,342
B085RS26YH,343
B07XVNJFNF,344
B08BYK8SKR,345
B07KXM94BT,346
B08QKXY1KN,347
B08HRNPNR5,348
B08C2T24WG,349
B07RM722DH,350
B086XH7BWW,351
B089QR2Y5B,352
B09473GGM4,353
B081632HX6,354
B08GKVYS1Y,355
B08HXQ3T9K,356
B08F4ZDVZQ,357
B08P15TB2V,358
B07MMW5654,359
B07SLFWZKN,360
B08YNR839W,361
B07W1WJZFG,362
B08BY9P4HR,363
B083J1Y349,364
B08QFGV5ZQ,365
B08NPBQR9L,366
B07J3GH1W1,367
B08DRBZNZJ,368
B08P4YQ3K5,369
B08KGVBW41,370
B07PCSRSND,371
B00O2FGBJS,372
B07FP2C8N8,373
B0BTJ6SYKB,374
B089ZQ8Y95,375
B08DK74M1P,376
B08YJV9YL2,377
B08LZ6W8RF,378
B07VQR3W3Z,379
B08NJ5BTWG,380
B089RLLT5C,381
B07T4LKC4D,382
B07X8W7GJZ,383
B08RYN11N9,384
B08JZD8HN4,385
B086TS3BKQ,386
B088FBNQXW,387
B08XZDXTG2,388
B08GMC48QF,389
B08LPJT4MT,390
B08BLX72TP,391
B08CZ5JZMZ,392
B08BLKFGND,393
B07THLR7RR,394
B0BG6WX4DH,395
B00TK0VV68,396
B093H28PD4,397
B07YV9J2YZ,398
B08879N2W3,399
B0837K9W6P,400
B08KT7FCYY,401
B07DKRK8ZW,402
B082MDFNZM,403
B08JPKXJMV,404
B087F14JSH,405
B085J354CL,406
B086YBQ8M7,407
B089YGZZYP,408
B09G22586Y,409
B08B5FJMHM,410
B08S2LYN64,411
B086N2SY91,412
B07T3Z58HL,413
B08PVH18Z6,414
B07RBSLNFR,415
B08BZ1RHPS,416
B08GS1G9BH,417
B08W8LKLHB,418
B086JN17SK,419
B09SH1FD9S,420
B07LCHCD6Q,421
B086MN4SRX,422
B086W18W1W,423
B08XJWLLKQ,424
B0B2L218H2,425
B086VK22QT,426
B08FD2KP9R,427
B08BFH35VX,428
B0914JBBTV,429
B08DK4NDM3,430
B08RQZ3F3L,431
B08CVCLVS2,432
B088LPYXNQ,433
B08RRSPNWV,434
B08693T3XR,435
B08DXLRTSB,436
B08DHZW3LK,437
B081D2R47W,438
B08H4SYXR4,439
B07SY7WPS4,440
B08N6YHQXT,441
B08QHP717Z,442
B0842BXM5M,443
B08L4HTQ3R,444
B08S1LWF9V,445
B087G54FLM,446
B085SY4WC3,447
B07SV4HTMC,448
B082VKPJV5,449
B08CVTNQP1,450
B08XQYZWCS,451
B08LPGZMQK,452
B091GG4N2X,453
B0949MJRHK,454
B08VDCWKHV,455
B08SQZ1B3W,456
B08CC6YRLJ,457
B08KHRF9NY,458
B09671G4KH,459
B07M9D3WYW,460
B08G5YVHQP,461
B08LG68MGH,462
B08MT8L5ZL,463
B08TR1MKHD,464
B015A5DGG4,465
B087PJ121M,466
B07Z3NRMBS,467
B081MQD52C,468
B08HDG9F44,469
B07J1LYVHC,470
B096S4RQNH,471
B0851QJPZY,472
B08VJ7CZW3,473
B07VDCD17L,474
B08BYKQS9S,475
B08DXZ5VXB,476
B07YL4485K,477
B0713VF172,478
B087J3H22J,479
B081M5R5L5,480
B0885W8GCL,481
B08G149DSD,482
B07HR754WV,483
B01EK2F1PC,484
B083BGJ4P9,485
B088TXBCB5,486
B08BRS98SF,487
B01N7A5AGF,488
B088YHN4JT,489
B083B67373,490
B07YS9W97B,491
B08S3B8Y5G,492
B08G4Y4SFV,493
B0851T7HDS,494
B08CH5PC9W,495
B0895XPZNT,496
B08P2DZB4X,497
B08DK5D9J5,498
B08T7GPT1D,499
B01M24DUXH,500
B07ND4HPHT,501
B07Z548TKH,502
B08GYJY8F2,503
B08R3F946X,504
B08N9RT9YD,505
B08L6GXY2S,506
B086Q2J3F2,507
B08W4WQMNM,508
B07PHWX88W,509
B08BY91SGT,510
B076DBLG1K,511
B0841WQNNZ,512
B086N136NH,513
B085QDWHQJ,514
B0851C4YPC,515
B08C71WBLC,516
B087Z9X39L,517
B08CL46XNM,518
B07HN1L8NQ,519
B07L9H27SH,520
B086VYKNDF,521
B08P7PSMRR,522
B088TYPM71,523
B0855L611L,524
B082DXHTX8,525
B085TFXLH1,526
B085NYYLQ8,527
B01MSF13T1,528
B088TGQFNM,529
B08D6PPL42,530
B08P5579KC,531
B0BC273JJR,532
B07PBWVV5K,533
B085J24382,534
B082NKQ4ZT,535
B08SBV6Z57,536
B087FTZSZH,537
B08HQSK576,538
B088NVJSJT,539
B07R3BMYBG,540
B08C37KWRR,541
B082VYX7G8,542
B0859CYSTM,543
B08L3J4FB9,544
B0813ZQG3T,545
B07VG2W8TT,546
B07TLMZL3T,547
B08FBHNBP1,548
B08RY6S25W,549
B086M8MZGB,550
B07YNDWRCB,551
B08L3W279N,552
B08GC5GSNG,553
B08HCMNLKD,554
B085ZRVDKP,555
B087ZQG11L,556
B08NTD1NM1,557
B088X2WPTX,558
B08MC3ZLV4,559
B08KWN77LW,560
B08B3SJNL5,561
B086VRRD99,562
B08MPK4JRB,563
B0895FHBVG,564
B087D7MVHB,565
B08DNCR582,566
B088LWRYJC,567
B08VKQY815,568
B07NPCT6L5,569
B084ZHP45Y,570
B08DXCVRNY,571
B07ZJX5MNJ,572
B07MN1KJ15,573
B089CSR3KF,574
B084WP4XS8,575
B07WNBZQGT,576
B088ZVSLYP,577
B0876VC4KM,578
B08G83G24X,579
B08SJKR877,580
B01MA3LXIL,581
B086SSHLWT,582
B07PZ8JNWJ,583
B08KY7VYDS,584
B08GJJ5RV9,585
B086ST4W1C,586
B07DFNPVSF,587
B08F7877DC,588
B087GD4BJ1,589
gel_nail_polish_item_mascara,590
nan,591
