head,relation,tail
wig_wigs_hair_wavy_beauhair,subcategory of,gel_nail_polish_item_mascara
gel_nail_polish_ounces_item,subcategory of,gel_nail_polish_item_mascara
gel_manicure_mascara_skin_ounces,subcategory of,gel_nail_polish_ounces_item
eyeshadow_palette_makeup_brushes_pencil,subcategory of,gel_nail_polish_ounces_item
gel_manicure_nails_nail_polish,subcategory of,gel_manicure_mascara_skin_ounces
mascara_lashes_eyelashes_eyeliner_eyelash,subcategory of,gel_manicure_mascara_skin_ounces
bottles_bottle_mist_ounces_dispenser,subcategory of,gel_manicure_nails_nail_polish
gel_manicure_nails_nail_polish,subcategory of,gel_manicure_nails_nail_polish
gel_manicure_acrylic_nails_glitter,subcategory of,gel_manicure_nails_nail_polish
shampoo_conditioner_sulfate_hair_wax,subcategory of,gel_manicure_nails_nail_polish
gel_manicure_acrylic_nails_glitter,subcategory of,gel_manicure_acrylic_nails_glitter
gel_acrylic_manicure_skin_ounces,subcategory of,gel_manicure_acrylic_nails_glitter
headband_headbands_headwear_accessories_hair,subcategory of,gel_acrylic_manicure_skin_ounces
moisturizer_skincare_moisturizing_skin_aloe,subcategory of,gel_acrylic_manicure_skin_ounces
moisturizer_skincare_moisturizing_lotion_cream,subcategory of,moisturizer_skincare_moisturizing_skin_aloe
moisturizing_mask_acne_hyaluronic_masks,subcategory of,moisturizer_skincare_moisturizing_skin_aloe
B08LYT4Q2X,related to,moisturizer_skincare_moisturizing_lotion_cream
B089CSF11Y,related to,bottles_bottle_mist_ounces_dispenser
B081ZN3TD5,related to,
B08WF29DM9,related to,moisturizer_skincare_moisturizing_lotion_cream
B08HMLXW65,related to,headband_headbands_headwear_accessories_hair
B08BF4BKKM,related to,moisturizing_mask_acne_hyaluronic_masks
B09GNXK3N1,related to,headband_headbands_headwear_accessories_hair
B08JCX3DL7,related to,eyeshadow_palette_makeup_brushes_pencil
B08SQ31H8P,related to,headband_headbands_headwear_accessories_hair
B08C24Q6LB,related to,mascara_lashes_eyelashes_eyeliner_eyelash
B07SW7D6ZR,related to,
B07KG1TWP5,related to,
B08PTZL95G,related to,headband_headbands_headwear_accessories_hair
B088M5P8FN,related to,gel_manicure_acrylic_nails_glitter
B0845LNDJK,related to,moisturizer_skincare_moisturizing_lotion_cream
B08J7R5HHX,related to,mascara_lashes_eyelashes_eyeliner_eyelash
B089NJG212,related to,moisturizer_skincare_moisturizing_lotion_cream
B083TLNBJJ,related to,moisturizer_skincare_moisturizing_lotion_cream
B08BS3WDPJ,related to,moisturizing_mask_acne_hyaluronic_masks
B07YG4PRTN,related to,eyeshadow_palette_makeup_brushes_pencil
B089D16BWJ,related to,moisturizing_mask_acne_hyaluronic_masks
B07FPS2VFK,related to,
B08HZ5Y8RY,related to,gel_manicure_acrylic_nails_glitter
B088PYN4VM,related to,headband_headbands_headwear_accessories_hair
B08F79Z1Q5,related to,bottles_bottle_mist_ounces_dispenser
B07P4LLZS6,related to,moisturizing_mask_acne_hyaluronic_masks
B07NPWK167,related to,moisturizer_skincare_moisturizing_lotion_cream
B08HRHCZV2,related to,bottles_bottle_mist_ounces_dispenser
B08K8P7LN6,related to,gel_manicure_acrylic_nails_glitter
B07W397QG4,related to,moisturizer_skincare_moisturizing_lotion_cream
B07Z4CVTRP,related to,bottles_bottle_mist_ounces_dispenser
B0941YDPSW,related to,shampoo_conditioner_sulfate_hair_wax
B08Q3F3L7S,related to,headband_headbands_headwear_accessories_hair
B07HVRP37G,related to,moisturizer_skincare_moisturizing_lotion_cream
B0888CX245,related to,gel_manicure_acrylic_nails_glitter
B087ZQK2G8,related to,shampoo_conditioner_sulfate_hair_wax
B085RQKWNF,related to,gel_manicure_acrylic_nails_glitter
B08N6CLJ6P,related to,gel_manicure_acrylic_nails_glitter
B08NC4378M,related to,moisturizer_skincare_moisturizing_lotion_cream
B08DKFV9SR,related to,headband_headbands_headwear_accessories_hair
B07PCGSFGQ,related to,moisturizing_mask_acne_hyaluronic_masks
B089R7S73D,related to,moisturizer_skincare_moisturizing_lotion_cream
B0863FZFPV,related to,wig_wigs_hair_wavy_beauhair
B086GST51S,related to,mascara_lashes_eyelashes_eyeliner_eyelash
B09L33VJCL,related to,moisturizer_skincare_moisturizing_lotion_cream
B085MCMZLX,related to,wig_wigs_hair_wavy_beauhair
B08343FS9P,related to,bottles_bottle_mist_ounces_dispenser
B08BXVJMRY,related to,headband_headbands_headwear_accessories_hair
B089KBMST6,related to,headband_headbands_headwear_accessories_hair
B07JGD2T2J,related to,
B08HVRP54L,related to,moisturizer_skincare_moisturizing_lotion_cream
B0919R1CYT,related to,
B08B3TCMSQ,related to,gel_manicure_acrylic_nails_glitter
B083122WRC,related to,wig_wigs_hair_wavy_beauhair
B088GWCVVJ,related to,moisturizer_skincare_moisturizing_lotion_cream
B08KJF6Y6C,related to,mascara_lashes_eyelashes_eyeliner_eyelash
B08MRRNL18,related to,mascara_lashes_eyelashes_eyeliner_eyelash
B0B8SFDJN9,related to,moisturizer_skincare_moisturizing_lotion_cream
B0B4MR9BXN,related to,
B08575Y9V3,related to,moisturizing_mask_acne_hyaluronic_masks
B08VQY1Z1S,related to,moisturizer_skincare_moisturizing_lotion_cream
B087GB8ZRF,related to,gel_manicure_acrylic_nails_glitter
B07ZS3DKL5,related to,moisturizer_skincare_moisturizing_lotion_cream
B08SG2MBRY,related to,moisturizer_skincare_moisturizing_lotion_cream
B08JTNQFZY,related to,headband_headbands_headwear_accessories_hair
B08QVJ4NVD,related to,moisturizer_skincare_moisturizing_lotion_cream
B0BVQQ58G8,related to,
B08BB3P4VQ,related to,moisturizer_skincare_moisturizing_lotion_cream
B07ZQRX7FX,related to,moisturizer_skincare_moisturizing_lotion_cream
B08PLFZB89,related to,shampoo_conditioner_sulfate_hair_wax
B08C72C56Z,related to,gel_manicure_acrylic_nails_glitter
B07VGBBNTH,related to,shampoo_conditioner_sulfate_hair_wax
B08BKWLHYP,related to,
B0844X21MJ,related to,
B08HGZXLP6,related to,bottles_bottle_mist_ounces_dispenser
B07D5FBFQ4,related to,moisturizer_skincare_moisturizing_lotion_cream
B07MZT83KK,related to,moisturizer_skincare_moisturizing_lotion_cream
B085RS26YH,related to,
B07XVNJFNF,related to,headband_headbands_headwear_accessories_hair
B08BYK8SKR,related to,headband_headbands_headwear_accessories_hair
B07KXM94BT,related to,
B08QKXY1KN,related to,shampoo_conditioner_sulfate_hair_wax
B08HRNPNR5,related to,moisturizer_skincare_moisturizing_lotion_cream
B08C2T24WG,related to,mascara_lashes_eyelashes_eyeliner_eyelash
B07RM722DH,related to,mascara_lashes_eyelashes_eyeliner_eyelash
B086XH7BWW,related to,shampoo_conditioner_sulfate_hair_wax
B089QR2Y5B,related to,headband_headbands_headwear_accessories_hair
B09473GGM4,related to,
B081632HX6,related to,
B08GKVYS1Y,related to,gel_manicure_acrylic_nails_glitter
B08HXQ3T9K,related to,headband_headbands_headwear_accessories_hair
B08F4ZDVZQ,related to,
B08P15TB2V,related to,gel_manicure_acrylic_nails_glitter
B07MMW5654,related to,moisturizer_skincare_moisturizing_lotion_cream
B07SLFWZKN,related to,
B08YNR839W,related to,headband_headbands_headwear_accessories_hair
B07W1WJZFG,related to,moisturizer_skincare_moisturizing_lotion_cream
B08BY9P4HR,related to,headband_headbands_headwear_accessories_hair
B083J1Y349,related to,gel_manicure_acrylic_nails_glitter
B08QFGV5ZQ,related to,headband_headbands_headwear_accessories_hair
B08NPBQR9L,related to,headband_headbands_headwear_accessories_hair
B07J3GH1W1,related to,gel_manicure_acrylic_nails_glitter
B08DRBZNZJ,related to,gel_manicure_acrylic_nails_glitter
B08P4YQ3K5,related to,
B08KGVBW41,related to,
B07PCSRSND,related to,mascara_lashes_eyelashes_eyeliner_eyelash
B00O2FGBJS,related to,
B07FP2C8N8,related to,moisturizer_skincare_moisturizing_lotion_cream
B0BTJ6SYKB,related to,moisturizer_skincare_moisturizing_lotion_cream
B089ZQ8Y95,related to,bottles_bottle_mist_ounces_dispenser
B08DK74M1P,related to,
B08YJV9YL2,related to,moisturizer_skincare_moisturizing_lotion_cream
B08LZ6W8RF,related to,gel_manicure_acrylic_nails_glitter
B07VQR3W3Z,related to,headband_headbands_headwear_accessories_hair
B08NJ5BTWG,related to,moisturizer_skincare_moisturizing_lotion_cream
B089RLLT5C,related to,shampoo_conditioner_sulfate_hair_wax
B07T4LKC4D,related to,moisturizing_mask_acne_hyaluronic_masks
B07X8W7GJZ,related to,gel_manicure_acrylic_nails_glitter
B08RYN11N9,related to,moisturizer_skincare_moisturizing_lotion_cream
B08JZD8HN4,related to,gel_manicure_acrylic_nails_glitter
B086TS3BKQ,related to,moisturizer_skincare_moisturizing_lotion_cream
B088FBNQXW,related to,headband_headbands_headwear_accessories_hair
B08XZDXTG2,related to,moisturizing_mask_acne_hyaluronic_masks
B08GMC48QF,related to,shampoo_conditioner_sulfate_hair_wax
B08LPJT4MT,related to,
B08BLX72TP,related to,mascara_lashes_eyelashes_eyeliner_eyelash
B08CZ5JZMZ,related to,gel_manicure_acrylic_nails_glitter
B08BLKFGND,related to,headband_headbands_headwear_accessories_hair
B07THLR7RR,related to,headband_headbands_headwear_accessories_hair
B0BG6WX4DH,related to,shampoo_conditioner_sulfate_hair_wax
B00TK0VV68,related to,moisturizer_skincare_moisturizing_lotion_cream
B093H28PD4,related to,gel_manicure_acrylic_nails_glitter
B07YV9J2YZ,related to,headband_headbands_headwear_accessories_hair
B08879N2W3,related to,moisturizer_skincare_moisturizing_lotion_cream
B0837K9W6P,related to,headband_headbands_headwear_accessories_hair
B08KT7FCYY,related to,moisturizer_skincare_moisturizing_lotion_cream
B07DKRK8ZW,related to,
B082MDFNZM,related to,headband_headbands_headwear_accessories_hair
B08JPKXJMV,related to,wig_wigs_hair_wavy_beauhair
B087F14JSH,related to,
B085J354CL,related to,
B086YBQ8M7,related to,headband_headbands_headwear_accessories_hair
B089YGZZYP,related to,bottles_bottle_mist_ounces_dispenser
B09G22586Y,related to,headband_headbands_headwear_accessories_hair
B08B5FJMHM,related to,
B08S2LYN64,related to,wig_wigs_hair_wavy_beauhair
B086N2SY91,related to,headband_headbands_headwear_accessories_hair
B07T3Z58HL,related to,bottles_bottle_mist_ounces_dispenser
B08PVH18Z6,related to,moisturizing_mask_acne_hyaluronic_masks
B07RBSLNFR,related to,moisturizer_skincare_moisturizing_lotion_cream
B08BZ1RHPS,related to,moisturizer_skincare_moisturizing_lotion_cream
B08GS1G9BH,related to,moisturizing_mask_acne_hyaluronic_masks
B08W8LKLHB,related to,gel_manicure_acrylic_nails_glitter
B086JN17SK,related to,mascara_lashes_eyelashes_eyeliner_eyelash
B09SH1FD9S,related to,moisturizer_skincare_moisturizing_lotion_cream
B07LCHCD6Q,related to,
B086MN4SRX,related to,moisturizer_skincare_moisturizing_lotion_cream
B086W18W1W,related to,gel_manicure_acrylic_nails_glitter
B08XJWLLKQ,related to,shampoo_conditioner_sulfate_hair_wax
B0B2L218H2,related to,moisturizer_skincare_moisturizing_lotion_cream
B086VK22QT,related to,gel_manicure_acrylic_nails_glitter
B08FD2KP9R,related to,
B08BFH35VX,related to,moisturizer_skincare_moisturizing_lotion_cream
B0914JBBTV,related to,moisturizer_skincare_moisturizing_lotion_cream
B08DK4NDM3,related to,
B08RQZ3F3L,related to,moisturizer_skincare_moisturizing_lotion_cream
B08CVCLVS2,related to,gel_manicure_acrylic_nails_glitter
B088LPYXNQ,related to,gel_manicure_acrylic_nails_glitter
B08RRSPNWV,related to,moisturizer_skincare_moisturizing_lotion_cream
B08693T3XR,related to,bottles_bottle_mist_ounces_dispenser
B08DXLRTSB,related to,moisturizer_skincare_moisturizing_lotion_cream
B08DHZW3LK,related to,gel_manicure_acrylic_nails_glitter
B081D2R47W,related to,headband_headbands_headwear_accessories_hair
B08H4SYXR4,related to,moisturizer_skincare_moisturizing_lotion_cream
B07SY7WPS4,related to,moisturizing_mask_acne_hyaluronic_masks
B08N6YHQXT,related to,moisturizer_skincare_moisturizing_lotion_cream
B08QHP717Z,related to,headband_headbands_headwear_accessories_hair
B0842BXM5M,related to,headband_headbands_headwear_accessories_hair
B08L4HTQ3R,related to,moisturizing_mask_acne_hyaluronic_masks
B08S1LWF9V,related to,moisturizer_skincare_moisturizing_lotion_cream
B087G54FLM,related to,gel_manicure_acrylic_nails_glitter
B085SY4WC3,related to,gel_manicure_acrylic_nails_glitter
B07SV4HTMC,related to,
B082VKPJV5,related to,gel_manicure_acrylic_nails_glitter
B08CVTNQP1,related to,gel_manicure_acrylic_nails_glitter
B08XQYZWCS,related to,moisturizing_mask_acne_hyaluronic_masks
B08LPGZMQK,related to,moisturizer_skincare_moisturizing_lotion_cream
B091GG4N2X,related to,mascara_lashes_eyelashes_eyeliner_eyelash
B0949MJRHK,related to,moisturizing_mask_acne_hyaluronic_masks
B08VDCWKHV,related to,
B08SQZ1B3W,related to,moisturizer_skincare_moisturizing_lotion_cream
B08CC6YRLJ,related to,gel_manicure_acrylic_nails_glitter
B08KHRF9NY,related to,moisturizer_skincare_moisturizing_lotion_cream
B09671G4KH,related to,
B07M9D3WYW,related to,moisturizing_mask_acne_hyaluronic_masks
B08G5YVHQP,related to,moisturizer_skincare_moisturizing_lotion_cream
B08LG68MGH,related to,wig_wigs_hair_wavy_beauhair
B08MT8L5ZL,related to,gel_manicure_acrylic_nails_glitter
B08TR1MKHD,related to,moisturizer_skincare_moisturizing_lotion_cream
B015A5DGG4,related to,bottles_bottle_mist_ounces_dispenser
B087PJ121M,related to,headband_headbands_headwear_accessories_hair
B07Z3NRMBS,related to,moisturizer_skincare_moisturizing_lotion_cream
B081MQD52C,related to,moisturizer_skincare_moisturizing_lotion_cream
B08HDG9F44,related to,moisturizer_skincare_moisturizing_lotion_cream
B07J1LYVHC,related to,moisturizing_mask_acne_hyaluronic_masks
B096S4RQNH,related to,
B0851QJPZY,related to,moisturizer_skincare_moisturizing_lotion_cream
B08VJ7CZW3,related to,moisturizing_mask_acne_hyaluronic_masks
B07VDCD17L,related to,moisturizer_skincare_moisturizing_lotion_cream
B08BYKQS9S,related to,headband_headbands_headwear_accessories_hair
B08DXZ5VXB,related to,moisturizer_skincare_moisturizing_lotion_cream
B07YL4485K,related to,headband_headbands_headwear_accessories_hair
B0713VF172,related to,
B087J3H22J,related to,moisturizer_skincare_moisturizing_lotion_cream
B081M5R5L5,related to,mascara_lashes_eyelashes_eyeliner_eyelash
B0885W8GCL,related to,headband_headbands_headwear_accessories_hair
B08G149DSD,related to,headband_headbands_headwear_accessories_hair
B07HR754WV,related to,headband_headbands_headwear_accessories_hair
B01EK2F1PC,related to,shampoo_conditioner_sulfate_hair_wax
B083BGJ4P9,related to,
B088TXBCB5,related to,gel_manicure_acrylic_nails_glitter
B08BRS98SF,related to,gel_manicure_acrylic_nails_glitter
B01N7A5AGF,related to,moisturizer_skincare_moisturizing_lotion_cream
B088YHN4JT,related to,bottles_bottle_mist_ounces_dispenser
B083B67373,related to,moisturizing_mask_acne_hyaluronic_masks
B07YS9W97B,related to,moisturizer_skincare_moisturizing_lotion_cream
B08S3B8Y5G,related to,headband_headbands_headwear_accessories_hair
B08G4Y4SFV,related to,gel_manicure_acrylic_nails_glitter
B0851T7HDS,related to,
B08CH5PC9W,related to,moisturizing_mask_acne_hyaluronic_masks
B0895XPZNT,related to,headband_headbands_headwear_accessories_hair
B08P2DZB4X,related to,
B08DK5D9J5,related to,eyeshadow_palette_makeup_brushes_pencil
B08T7GPT1D,related to,bottles_bottle_mist_ounces_dispenser
B01M24DUXH,related to,
B07ND4HPHT,related to,
B07Z548TKH,related to,eyeshadow_palette_makeup_brushes_pencil
B08GYJY8F2,related to,moisturizing_mask_acne_hyaluronic_masks
B08R3F946X,related to,gel_manicure_acrylic_nails_glitter
B08N9RT9YD,related to,
B08L6GXY2S,related to,gel_manicure_acrylic_nails_glitter
B086Q2J3F2,related to,headband_headbands_headwear_accessories_hair
B08W4WQMNM,related to,gel_manicure_acrylic_nails_glitter
B07PHWX88W,related to,moisturizer_skincare_moisturizing_lotion_cream
B08BY91SGT,related to,
B076DBLG1K,related to,
B0841WQNNZ,related to,headband_headbands_headwear_accessories_hair
B086N136NH,related to,moisturizer_skincare_moisturizing_lotion_cream
B085QDWHQJ,related to,gel_manicure_acrylic_nails_glitter
B0851C4YPC,related to,moisturizer_skincare_moisturizing_lotion_cream
B08C71WBLC,related to,moisturizer_skincare_moisturizing_lotion_cream
B087Z9X39L,related to,moisturizing_mask_acne_hyaluronic_masks
B08CL46XNM,related to,moisturizer_skincare_moisturizing_lotion_cream
B07HN1L8NQ,related to,moisturizing_mask_acne_hyaluronic_masks
B07L9H27SH,related to,shampoo_conditioner_sulfate_hair_wax
B086VYKNDF,related to,moisturizer_skincare_moisturizing_lotion_cream
B08P7PSMRR,related to,moisturizer_skincare_moisturizing_lotion_cream
B088TYPM71,related to,headband_headbands_headwear_accessories_hair
B0855L611L,related to,moisturizer_skincare_moisturizing_lotion_cream
B082DXHTX8,related to,
B085TFXLH1,related to,gel_manicure_acrylic_nails_glitter
B085NYYLQ8,related to,gel_manicure_acrylic_nails_glitter
B01MSF13T1,related to,moisturizer_skincare_moisturizing_lotion_cream
B088TGQFNM,related to,gel_manicure_acrylic_nails_glitter
B08D6PPL42,related to,headband_headbands_headwear_accessories_hair
B08P5579KC,related to,bottles_bottle_mist_ounces_dispenser
B0BC273JJR,related to,gel_manicure_acrylic_nails_glitter
B07PBWVV5K,related to,moisturizer_skincare_moisturizing_lotion_cream
B085J24382,related to,
B082NKQ4ZT,related to,headband_headbands_headwear_accessories_hair
B08SBV6Z57,related to,
B087FTZSZH,related to,headband_headbands_headwear_accessories_hair
B08HQSK576,related to,headband_headbands_headwear_accessories_hair
B088NVJSJT,related to,gel_manicure_acrylic_nails_glitter
B07R3BMYBG,related to,moisturizer_skincare_moisturizing_lotion_cream
B08C37KWRR,related to,moisturizer_skincare_moisturizing_lotion_cream
B082VYX7G8,related to,headband_headbands_headwear_accessories_hair
B0859CYSTM,related to,moisturizer_skincare_moisturizing_lotion_cream
B08L3J4FB9,related to,moisturizer_skincare_moisturizing_lotion_cream
B0813ZQG3T,related to,gel_manicure_acrylic_nails_glitter
B07VG2W8TT,related to,moisturizing_mask_acne_hyaluronic_masks
B07TLMZL3T,related to,bottles_bottle_mist_ounces_dispenser
B08FBHNBP1,related to,moisturizing_mask_acne_hyaluronic_masks
B08RY6S25W,related to,shampoo_conditioner_sulfate_hair_wax
B086M8MZGB,related to,moisturizer_skincare_moisturizing_lotion_cream
B07YNDWRCB,related to,
B08L3W279N,related to,moisturizing_mask_acne_hyaluronic_masks
B08GC5GSNG,related to,headband_headbands_headwear_accessories_hair
B08HCMNLKD,related to,mascara_lashes_eyelashes_eyeliner_eyelash
B085ZRVDKP,related to,gel_manicure_acrylic_nails_glitter
B087ZQG11L,related to,shampoo_conditioner_sulfate_hair_wax
B08NTD1NM1,related to,mascara_lashes_eyelashes_eyeliner_eyelash
B088X2WPTX,related to,headband_headbands_headwear_accessories_hair
B08MC3ZLV4,related to,
B08KWN77LW,related to,moisturizer_skincare_moisturizing_lotion_cream
B08B3SJNL5,related to,gel_manicure_acrylic_nails_glitter
B086VRRD99,related to,moisturizer_skincare_moisturizing_lotion_cream
B08MPK4JRB,related to,eyeshadow_palette_makeup_brushes_pencil
B0895FHBVG,related to,gel_manicure_acrylic_nails_glitter
B087D7MVHB,related to,moisturizer_skincare_moisturizing_lotion_cream
B08DNCR582,related to,mascara_lashes_eyelashes_eyeliner_eyelash
B088LWRYJC,related to,
B08VKQY815,related to,moisturizing_mask_acne_hyaluronic_masks
B07NPCT6L5,related to,moisturizer_skincare_moisturizing_lotion_cream
B084ZHP45Y,related to,moisturizer_skincare_moisturizing_lotion_cream
B08DXCVRNY,related to,moisturizer_skincare_moisturizing_lotion_cream
B07ZJX5MNJ,related to,gel_manicure_acrylic_nails_glitter
B07MN1KJ15,related to,moisturizer_skincare_moisturizing_lotion_cream
B089CSR3KF,related to,bottles_bottle_mist_ounces_dispenser
B084WP4XS8,related to,moisturizer_skincare_moisturizing_lotion_cream
B07WNBZQGT,related to,moisturizer_skincare_moisturizing_lotion_cream
B088ZVSLYP,related to,
B0876VC4KM,related to,gel_manicure_acrylic_nails_glitter
B08G83G24X,related to,bottles_bottle_mist_ounces_dispenser
B08SJKR877,related to,gel_manicure_acrylic_nails_glitter
B01MA3LXIL,related to,
B086SSHLWT,related to,mascara_lashes_eyelashes_eyeliner_eyelash
B07PZ8JNWJ,related to,
B08KY7VYDS,related to,headband_headbands_headwear_accessories_hair
B08GJJ5RV9,related to,moisturizer_skincare_moisturizing_lotion_cream
B086ST4W1C,related to,mascara_lashes_eyelashes_eyeliner_eyelash
B07DFNPVSF,related to,moisturizer_skincare_moisturizing_lotion_cream
B08F7877DC,related to,eyeshadow_palette_makeup_brushes_pencil
B087GD4BJ1,related to,mascara_lashes_eyelashes_eyeliner_eyelash
